Identifier,MuleAccount
ID_0001,0
ID_0002,0
ID_0003,
ID_0004,
ID_0005,0
ID_0006,0
ID_0007,0
ID_0008,0
ID_0009,0
ID_0010,0
ID_0011,0
ID_0012,0
ID_0013,0
ID_0014,0
ID_0015,0
ID_0016,0
ID_0017,0
ID_0018,0
ID_0019,0
ID_0020,0
ID_0021,0
ID_0022,0
ID_0023,0
ID_0024,0
ID_0025,0
ID_0026,0
ID_0027,0
ID_0028,0
ID_0029,0
ID_0030,0
ID_0031,0
ID_0032,0
ID_0033,0
ID_0034,0
ID_0035,0
ID_0036,0
ID_0037,0
ID_0038,0
ID_0039,0
ID_0040,0
ID_0041,0
ID_0042,0
ID_0043,0
ID_0044,0
ID_0045,0
ID_0046,0
ID_0047,0
ID_0048,0
ID_0049,0
ID_0050,
ID_0051,
ID_0052,0
ID_0053,
ID_0054,0
ID_0055,0
ID_0056,0
ID_0057,
ID_0058,0
ID_0059,0
ID_0060,0
ID_0061,1
ID_0062,0
ID_0063,0
ID_0064,1
ID_0065,0
ID_0066,0
ID_0067,0
ID_0068,0
ID_0069,0
ID_0070,0
ID_0071,0
ID_0072,0
ID_0073,0
ID_0074,0
ID_0075,0
ID_0076,0
ID_0077,0
ID_0078,0
ID_0079,0
ID_0080,0
ID_0081,0
ID_0082,0
ID_0083,0
ID_0084,0
ID_0085,0
ID_0086,0
ID_0087,0
ID_0088,0
ID_0089,0
ID_0090,0
ID_0091,0
ID_0092,0
ID_0093,0
ID_0094,0
ID_0095,0
ID_0096,0
ID_0097,0
ID_0098,0
ID_0099,
ID_0100,0
ID_0101,0
ID_0102,0
ID_0103,0
ID_0104,0
ID_0105,0
ID_0106,0
ID_0107,0
ID_0108,0
ID_0109,0
ID_0110,0
ID_0111,0
ID_0112,0
ID_0113,0
ID_0114,
ID_0115,0
ID_0116,0
ID_0117,1
ID_0118,0
ID_0119,0
ID_0120,0
ID_0121,0
ID_0122,0
ID_0123,0
ID_0124,0
ID_0125,0
ID_0126,0
ID_0127,0
ID_0128,0
ID_0129,0
ID_0130,0
ID_0131,0
ID_0132,1
ID_0133,0
ID_0134,0
ID_0135,0
ID_0136,0
ID_0137,1
ID_0138,0
ID_0139,0
ID_0140,0
ID_0141,0
ID_0142,0
ID_0143,0
ID_0144,0
ID_0145,0
ID_0146,0
ID_0147,0
ID_0148,0
ID_0149,1
ID_0150,0
ID_0151,0
ID_0152,0
ID_0153,0
ID_0154,0
ID_0155,0
ID_0156,0
ID_0157,0
ID_0158,0
ID_0159,0
ID_0160,0
ID_0161,0
ID_0162,0
ID_0163,1
ID_0164,0
ID_0165,0
ID_0166,0
ID_0167,0
ID_0168,
ID_0169,0
ID_0170,0
ID_0171,0
ID_0172,0
ID_0173,0
ID_0174,0
ID_0175,0
ID_0176,0
ID_0177,0
ID_0178,0
ID_0179,0
ID_0180,0
ID_0181,0
ID_0182,0
ID_0183,0
ID_0184,0
ID_0185,0
ID_0186,0
ID_0187,0
ID_0188,0
ID_0189,0
ID_0190,
ID_0191,0
ID_0192,1
ID_0193,0
ID_0194,0
ID_0195,0
ID_0196,0
ID_0197,0
ID_0198,0
ID_0199,0
ID_0200,1
ID_0201,0
ID_0202,0
ID_0203,0
ID_0204,1
ID_0205,0
ID_0206,0
ID_0207,0
ID_0208,0
ID_0209,0
ID_0210,
ID_0211,0
ID_0212,0
ID_0213,0
ID_0214,0
ID_0215,1
ID_0216,1
ID_0217,0
ID_0218,1
ID_0219,0
ID_0220,0
ID_0221,0
ID_0222,0
ID_0223,0
ID_0224,0
ID_0225,0
ID_0226,0
ID_0227,0
ID_0228,0
ID_0229,0
ID_0230,1
ID_0231,0
ID_0232,
ID_0233,0
ID_0234,0
ID_0235,0
ID_0236,0
ID_0237,0
ID_0238,0
ID_0239,0
ID_0240,0
ID_0241,0
ID_0242,0
ID_0243,0
ID_0244,0
ID_0245,0
ID_0246,0
ID_0247,0
ID_0248,0
ID_0249,0
ID_0250,0
ID_0251,
ID_0252,0
ID_0253,1
ID_0254,1
ID_0255,0
ID_0256,0
ID_0257,1
ID_0258,0
ID_0259,0
ID_0260,0
ID_0261,0
ID_0262,0
ID_0263,0
ID_0264,0
ID_0265,0
ID_0266,0
ID_0267,0
ID_0268,0
ID_0269,0
ID_0270,1
ID_0271,0
ID_0272,0
ID_0273,0
ID_0274,0
ID_0275,0
ID_0276,0
ID_0277,0
ID_0278,0
ID_0279,0
ID_0280,1
ID_0281,0
ID_0282,0
ID_0283,0
ID_0284,0
ID_0285,0
ID_0286,0
ID_0287,0
ID_0288,0
ID_0289,0
ID_0290,1
ID_0291,0
ID_0292,0
ID_0293,0
ID_0294,0
ID_0295,0
ID_0296,0
ID_0297,0
ID_0298,0
ID_0299,0
ID_0300,1
ID_0301,0
ID_0302,0
ID_0303,1
ID_0304,0
ID_0305,0
ID_0306,0
ID_0307,0
ID_0308,
ID_0309,0
ID_0310,0
ID_0311,1
ID_0312,0
ID_0313,0
ID_0314,0
ID_0315,0
ID_0316,0
ID_0317,0
ID_0318,0
ID_0319,0
ID_0320,0
ID_0321,0
ID_0322,0
ID_0323,0
ID_0324,1
ID_0325,0
ID_0326,1
ID_0327,1
ID_0328,1
ID_0329,0
ID_0330,1
ID_0331,
ID_0332,0
ID_0333,0
ID_0334,0
ID_0335,0
ID_0336,0
ID_0337,0
ID_0338,0
ID_0339,0
ID_0340,0
ID_0341,
ID_0342,0
ID_0343,0
ID_0344,1
ID_0345,0
ID_0346,0
ID_0347,0
ID_0348,0
ID_0349,0
ID_0350,0
ID_0351,0
ID_0352,0
ID_0353,0
ID_0354,0
ID_0355,0
ID_0356,0
ID_0357,0
ID_0358,1
ID_0359,0
ID_0360,0
ID_0361,0
ID_0362,0
ID_0363,0
ID_0364,0
ID_0365,0
ID_0366,0
ID_0367,0
ID_0368,0
ID_0369,0
ID_0370,
ID_0371,0
ID_0372,0
ID_0373,0
ID_0374,
ID_0375,1
ID_0376,0
ID_0377,0
ID_0378,0
ID_0379,0
ID_0380,0
ID_0381,0
ID_0382,0
ID_0383,0
ID_0384,0
ID_0385,0
ID_0386,0
ID_0387,0
ID_0388,0
ID_0389,0
ID_0390,0
ID_0391,0
ID_0392,
ID_0393,0
ID_0394,0
ID_0395,0
ID_0396,0
ID_0397,0
ID_0398,0
ID_0399,0
ID_0400,0
ID_0401,0
ID_0402,0
ID_0403,1
ID_0404,0
ID_0405,0
ID_0406,0
ID_0407,0
ID_0408,0
ID_0409,0
ID_0410,0
ID_0411,0
ID_0412,0
ID_0413,0
ID_0414,0
ID_0415,0
ID_0416,0
ID_0417,0
ID_0418,0
ID_0419,0
ID_0420,0
ID_0421,0
ID_0422,0
ID_0423,0
ID_0424,0
ID_0425,0
ID_0426,0
ID_0427,0
ID_0428,0
ID_0429,0
ID_0430,0
ID_0431,0
ID_0432,0
ID_0433,0
ID_0434,0
ID_0435,0
ID_0436,0
ID_0437,0
ID_0438,0
ID_0439,0
ID_0440,0
ID_0441,0
ID_0442,0
ID_0443,0
ID_0444,0
ID_0445,0
ID_0446,
ID_0447,0
ID_0448,0
ID_0449,0
ID_0450,0
ID_0451,0
ID_0452,0
ID_0453,0
ID_0454,0
ID_0455,0
ID_0456,0
ID_0457,0
ID_0458,
ID_0459,0
ID_0460,0
ID_0461,0
ID_0462,0
ID_0463,0
ID_0464,0
ID_0465,0
ID_0466,0
ID_0467,0
ID_0468,0
ID_0469,0
ID_0470,0
ID_0471,0
ID_0472,0
ID_0473,0
ID_0474,0
ID_0475,0
ID_0476,0
ID_0477,0
ID_0478,0
ID_0479,0
ID_0480,1
ID_0481,0
ID_0482,0
ID_0483,
ID_0484,0
ID_0485,0
ID_0486,0
ID_0487,0
ID_0488,0
ID_0489,0
ID_0490,0
ID_0491,
ID_0492,1
ID_0493,0
ID_0494,0
ID_0495,1
ID_0496,0
ID_0497,0
ID_0498,0
ID_0499,0
ID_0500,1
ID_0501,0
ID_0502,0
ID_0503,0
ID_0504,0
ID_0505,0
ID_0506,0
ID_0507,0
ID_0508,0
ID_0509,0
ID_0510,0
ID_0511,0
ID_0512,0
ID_0513,0
ID_0514,0
ID_0515,0
ID_0516,
ID_0517,1
ID_0518,0
ID_0519,0
ID_0520,0
ID_0521,1
ID_0522,0
ID_0523,0
ID_0524,
ID_0525,0
ID_0526,0
ID_0527,0
ID_0528,0
ID_0529,0
ID_0530,0
ID_0531,0
ID_0532,0
ID_0533,
ID_0534,0
ID_0535,0
ID_0536,0
ID_0537,0
ID_0538,0
ID_0539,
ID_0540,0
ID_0541,0
ID_0542,0
ID_0543,0
ID_0544,0
ID_0545,0
ID_0546,0
ID_0547,0
ID_0548,0
ID_0549,0
ID_0550,0
ID_0551,0
ID_0552,0
ID_0553,
ID_0554,0
ID_0555,0
ID_0556,0
ID_0557,0
ID_0558,0
ID_0559,0
ID_0560,0
ID_0561,0
ID_0562,0
ID_0563,0
ID_0564,0
ID_0565,0
ID_0566,
ID_0567,0
ID_0568,0
ID_0569,0
ID_0570,0
ID_0571,0
ID_0572,0
ID_0573,0
ID_0574,0
ID_0575,0
ID_0576,0
ID_0577,0
ID_0578,0
ID_0579,0
ID_0580,1
ID_0581,0
ID_0582,0
ID_0583,0
ID_0584,0
ID_0585,0
ID_0586,0
ID_0587,0
ID_0588,0
ID_0589,0
ID_0590,0
ID_0591,0
ID_0592,0
ID_0593,0
ID_0594,0
ID_0595,0
ID_0596,0
ID_0597,0
ID_0598,0
ID_0599,0
ID_0600,0
ID_0601,0
ID_0602,0
ID_0603,0
ID_0604,0
ID_0605,1
ID_0606,0
ID_0607,0
ID_0608,0
ID_0609,0
ID_0610,0
ID_0611,0
ID_0612,0
ID_0613,1
ID_0614,0
ID_0615,0
ID_0616,0
ID_0617,0
ID_0618,0
ID_0619,0
ID_0620,0
ID_0621,0
ID_0622,0
ID_0623,0
ID_0624,
ID_0625,0
ID_0626,0
ID_0627,0
ID_0628,0
ID_0629,0
ID_0630,0
ID_0631,0
ID_0632,0
ID_0633,0
ID_0634,0
ID_0635,0
ID_0636,0
ID_0637,0
ID_0638,0
ID_0639,0
ID_0640,0
ID_0641,0
ID_0642,0
ID_0643,0
ID_0644,0
ID_0645,0
ID_0646,0
ID_0647,0
ID_0648,0
ID_0649,0
ID_0650,
ID_0651,0
ID_0652,0
ID_0653,0
ID_0654,
ID_0655,0
ID_0656,0
ID_0657,0
ID_0658,0
ID_0659,0
ID_0660,0
ID_0661,0
ID_0662,0
ID_0663,0
ID_0664,0
ID_0665,0
ID_0666,0
ID_0667,0
ID_0668,0
ID_0669,1
ID_0670,0
ID_0671,0
ID_0672,0
ID_0673,0
ID_0674,0
ID_0675,0
ID_0676,0
ID_0677,0
ID_0678,0
ID_0679,0
ID_0680,0
ID_0681,0
ID_0682,0
ID_0683,0
ID_0684,0
ID_0685,
ID_0686,0
ID_0687,0
ID_0688,1
ID_0689,0
ID_0690,0
ID_0691,0
ID_0692,0
ID_0693,0
ID_0694,0
ID_0695,0
ID_0696,0
ID_0697,0
ID_0698,0
ID_0699,0
ID_0700,0
ID_0701,0
ID_0702,0
ID_0703,0
ID_0704,0
ID_0705,0
ID_0706,
ID_0707,0
ID_0708,0
ID_0709,0
ID_0710,0
ID_0711,0
ID_0712,0
ID_0713,1
ID_0714,0
ID_0715,0
ID_0716,0
ID_0717,0
ID_0718,0
ID_0719,0
ID_0720,0
ID_0721,0
ID_0722,0
ID_0723,0
ID_0724,0
ID_0725,
ID_0726,0
ID_0727,0
ID_0728,0
ID_0729,0
ID_0730,0
ID_0731,0
ID_0732,0
ID_0733,0
ID_0734,0
ID_0735,0
ID_0736,0
ID_0737,0
ID_0738,0
ID_0739,0
ID_0740,0
ID_0741,0
ID_0742,0
ID_0743,0
ID_0744,0
ID_0745,0
ID_0746,0
ID_0747,0
ID_0748,0
ID_0749,
ID_0750,0
ID_0751,
ID_0752,0
ID_0753,
ID_0754,0
ID_0755,0
ID_0756,0
ID_0757,1
ID_0758,0
ID_0759,1
ID_0760,0
ID_0761,0
ID_0762,0
ID_0763,1
ID_0764,0
ID_0765,0
ID_0766,0
ID_0767,0
ID_0768,0
ID_0769,0
ID_0770,1
ID_0771,0
ID_0772,0
ID_0773,0
ID_0774,0
ID_0775,
ID_0776,0
ID_0777,0
ID_0778,0
ID_0779,0
ID_0780,0
ID_0781,0
ID_0782,1
ID_0783,0
ID_0784,0
ID_0785,0
ID_0786,0
ID_0787,0
ID_0788,0
ID_0789,0
ID_0790,0
ID_0791,
ID_0792,0
ID_0793,0
ID_0794,0
ID_0795,0
ID_0796,0
ID_0797,0
ID_0798,0
ID_0799,0
ID_0800,0
ID_0801,0
ID_0802,0
ID_0803,0
ID_0804,0
ID_0805,0
ID_0806,0
ID_0807,0
ID_0808,
ID_0809,0
ID_0810,0
ID_0811,0
ID_0812,0
ID_0813,0
ID_0814,0
ID_0815,0
ID_0816,0
ID_0817,0
ID_0818,0
ID_0819,0
ID_0820,1
ID_0821,0
ID_0822,0
ID_0823,0
ID_0824,0
ID_0825,0
ID_0826,0
ID_0827,0
ID_0828,0
ID_0829,0
ID_0830,0
ID_0831,0
ID_0832,0
ID_0833,0
ID_0834,0
ID_0835,0
ID_0836,0
ID_0837,0
ID_0838,0
ID_0839,0
ID_0840,0
ID_0841,0
ID_0842,1
ID_0843,0
ID_0844,0
ID_0845,0
ID_0846,0
ID_0847,0
ID_0848,
ID_0849,1
ID_0850,0
ID_0851,0
ID_0852,0
ID_0853,0
ID_0854,0
ID_0855,0
ID_0856,0
ID_0857,0
ID_0858,0
ID_0859,0
ID_0860,0
ID_0861,0
ID_0862,0
ID_0863,0
ID_0864,0
ID_0865,0
ID_0866,0
ID_0867,1
ID_0868,0
ID_0869,0
ID_0870,0
ID_0871,0
ID_0872,1
ID_0873,0
ID_0874,0
ID_0875,0
ID_0876,0
ID_0877,
ID_0878,0
ID_0879,0
ID_0880,0
ID_0881,0
ID_0882,0
ID_0883,0
ID_0884,0
ID_0885,0
ID_0886,0
ID_0887,0
ID_0888,0
ID_0889,0
ID_0890,0
ID_0891,0
ID_0892,0
ID_0893,0
ID_0894,0
ID_0895,1
ID_0896,0
ID_0897,0
ID_0898,0
ID_0899,0
ID_0900,0
ID_0901,0
ID_0902,0
ID_0903,0
ID_0904,0
ID_0905,0
ID_0906,0
ID_0907,0
ID_0908,0
ID_0909,0
ID_0910,0
ID_0911,0
ID_0912,0
ID_0913,0
ID_0914,0
ID_0915,0
ID_0916,0
ID_0917,0
ID_0918,0
ID_0919,0
ID_0920,
ID_0921,0
ID_0922,0
ID_0923,0
ID_0924,0
ID_0925,0
ID_0926,0
ID_0927,0
ID_0928,0
ID_0929,0
ID_0930,0
ID_0931,0
ID_0932,
ID_0933,
ID_0934,0
ID_0935,1
ID_0936,0
ID_0937,0
ID_0938,1
ID_0939,0
ID_0940,0
ID_0941,0
ID_0942,0
ID_0943,0
ID_0944,0
ID_0945,0
ID_0946,0
ID_0947,0
ID_0948,0
ID_0949,0
ID_0950,0
ID_0951,
ID_0952,0
ID_0953,0
ID_0954,0
ID_0955,0
ID_0956,0
ID_0957,0
ID_0958,
ID_0959,0
ID_0960,1
ID_0961,0
ID_0962,0
ID_0963,0
ID_0964,1
ID_0965,0
ID_0966,0
ID_0967,0
ID_0968,0
ID_0969,0
ID_0970,0
ID_0971,0
ID_0972,0
ID_0973,
ID_0974,0
ID_0975,
ID_0976,0
ID_0977,0
ID_0978,0
ID_0979,0
ID_0980,0
ID_0981,0
ID_0982,0
ID_0983,0
ID_0984,0
ID_0985,0
ID_0986,0
ID_0987,
ID_0988,0
ID_0989,0
ID_0990,0
ID_0991,0
ID_0992,0
ID_0993,0
ID_0994,0
ID_0995,
ID_0996,0
ID_0997,0
ID_0998,0
ID_0999,0
ID_1000,0
