Identifier,AccountLength,AverageBalance,NumTransactions,NumDeposits,NumWithdrawals,NumTransfers,NumLoans,NumCreditCards,NumSavingsAccounts
ID_0001,19,,305,230,288,39,7,2,0
ID_0002,3,24989,331,203,147,5,,4,2
ID_0003,,10915,109,43,227,37,4,1,1
ID_0004,19,43552,87,149,236,168,1,2,1
ID_0005,9,19990,,49,37,99,9,3,2
ID_0006,28,25734,348,95,280,26,6,1,2
ID_0007,20,15824,171,242,174,68,7,1,1
ID_0008,13,37081,53,74,,56,8,3,0
ID_0009,7,12033,247,170,205,16,6,1,0
ID_0010,14,43736,143,134,27,70,9,2,2
ID_0011,9,17241,470,218,228,46,9,,1
ID_0012,27,6939,201,93,274,78,7,2,1
ID_0013,28,48464,365,256,157,109,8,3,1
ID_0014,23,48562,287,76,89,,5,0,0
ID_0015,25,36063,27,169,113,138,9,3,0
ID_0016,28,35464,21,53,35,123,1,2,1
ID_0017,19,12185,189,56,233,108,1,4,1
ID_0018,15,28045,132,293,,89,3,3,2
ID_0019,20,45769,255,282,145,85,8,4,2
ID_0020,14,48118,231,118,160,91,6,4,1
ID_0021,24,20167,382,243,103,23,1,2,1
ID_0022,6,37412,60,137,51,72,7,2,0
ID_0023,21,22625,497,278,,3,6,0,1
ID_0024,29,40188,80,170,66,112,8,1,
ID_0025,4,28076,489,297,113,45,7,3,0
ID_0026,8,45605,57,247,171,17,2,2,2
ID_0027,17,20029,28,142,41,42,0,3,2
ID_0028,9,23973,271,83,123,160,,4,0
ID_0029,1,,93,174,90,92,1,1,2
ID_0030,24,32433,164,127,56,102,3,0,1
ID_0031,20,44309,62,180,95,123,5,3,2
ID_0032,25,2932,116,86,,9,3,1,0
ID_0033,14,45254,366,91,208,,8,0,
ID_0034,11,2757,313,,242,186,3,3,0
ID_0035,21,31722,144,20,159,,5,1,2
ID_0036,3,38853,452,167,244,155,5,2,1
ID_0037,9,39405,78,102,140,59,9,3,0
ID_0038,27,2116,20,160,68,130,9,1,1
ID_0039,14,44527,152,6,127,117,0,0,0
ID_0040,9,12691,201,173,258,182,7,1,1
ID_0041,4,,396,96,118,13,2,2,1
ID_0042,27,28882,387,185,24,185,5,3,1
ID_0043,4,9811,78,235,20,142,2,3,0
ID_0044,28,28808,32,152,149,1,1,3,2
ID_0045,8,25272,190,284,212,,4,2,2
ID_0046,2,,302,193,23,63,0,0,2
ID_0047,9,7474,18,132,170,,8,3,1
ID_0048,29,27956,280,,42,99,6,0,0
ID_0049,14,48153,396,51,185,113,2,1,1
ID_0050,22,43506,,57,109,23,,0,0
ID_0051,9,14979,463,191,104,154,5,0,1
ID_0052,24,,26,42,94,164,2,3,0
ID_0053,,43565,163,230,83,90,6,4,0
ID_0054,16,29328,414,57,77,166,5,4,0
ID_0055,29,48375,337,228,180,190,8,2,1
ID_0056,17,13867,158,158,100,25,4,2,2
ID_0057,16,26851,386,52,107,64,3,4,1
ID_0058,12,32279,276,151,228,119,2,1,1
ID_0059,3,31527,,68,10,3,9,3,0
ID_0060,11,8866,337,186,126,156,0,3,0
ID_0061,14,16449,115,129,240,0,2,,2
ID_0062,18,11685,481,183,120,49,2,1,2
ID_0063,21,24544,390,43,167,109,6,4,0
ID_0064,21,6451,44,264,230,138,6,2,2
ID_0065,5,,128,7,234,73,0,1,
ID_0066,16,42316,23,68,186,186,2,2,0
ID_0067,20,40954,23,33,,61,7,0,
ID_0068,5,39870,275,15,214,80,8,3,2
ID_0069,3,32030,149,101,148,163,6,4,0
ID_0070,12,31873,303,207,100,55,6,3,2
ID_0071,1,,373,25,248,110,7,4,2
ID_0072,21,34650,128,43,90,20,5,0,0
ID_0073,29,26372,247,227,188,140,2,3,2
ID_0074,9,4642,43,106,125,8,0,0,2
ID_0075,29,29001,178,50,96,138,6,4,2
ID_0076,9,35064,19,70,74,69,0,,
ID_0077,4,30290,131,95,137,128,0,3,1
ID_0078,3,15122,410,168,283,117,8,0,2
ID_0079,17,25820,154,115,141,197,9,3,0
ID_0080,2,3895,460,127,191,55,6,3,2
ID_0081,24,6366,455,197,225,30,3,3,2
ID_0082,1,9711,232,103,50,36,5,,1
ID_0083,8,20596,380,295,282,174,0,0,1
ID_0084,13,19793,266,163,196,90,6,0,1
ID_0085,23,9199,277,107,12,113,5,3,2
ID_0086,15,11717,368,285,280,127,3,1,2
ID_0087,8,37191,13,47,183,174,6,3,0
ID_0088,12,11211,435,88,43,121,2,2,2
ID_0089,22,46550,406,195,297,68,0,4,2
ID_0090,12,24360,363,55,182,185,3,2,1
ID_0091,14,22542,115,214,166,35,2,1,1
ID_0092,15,32312,94,130,108,31,0,3,1
ID_0093,15,46242,223,73,165,63,1,0,1
ID_0094,9,37435,130,269,291,198,4,3,1
ID_0095,19,29247,141,262,127,169,7,1,0
ID_0096,26,,347,192,58,47,0,0,0
ID_0097,20,42045,206,234,38,80,3,2,0
ID_0098,29,28691,28,193,246,157,3,4,1
ID_0099,22,13424,139,,117,148,4,4,1
ID_0100,8,19852,21,118,27,59,6,3,1
ID_0101,,23601,90,80,,140,7,2,0
ID_0102,19,19020,339,168,139,0,5,1,1
ID_0103,6,9155,363,89,122,64,,4,0
ID_0104,20,4583,271,53,193,32,6,2,1
ID_0105,25,16515,401,181,135,37,2,3,2
ID_0106,29,37777,134,222,216,24,5,0,0
ID_0107,,20710,316,193,117,153,7,3,2
ID_0108,4,44178,276,234,48,58,6,3,
ID_0109,23,25532,456,259,,160,9,2,
ID_0110,7,19601,450,240,162,100,5,,1
ID_0111,28,5967,392,30,,126,8,2,2
ID_0112,28,19753,149,76,49,40,8,0,1
ID_0113,4,21022,338,,112,157,0,2,0
ID_0114,22,44463,11,258,223,56,,1,1
ID_0115,12,10135,17,275,181,176,0,3,1
ID_0116,13,6722,259,,,47,,4,0
ID_0117,3,28413,148,,195,71,9,0,
ID_0118,22,28236,133,261,164,176,6,3,2
ID_0119,12,16514,318,148,271,174,2,2,1
ID_0120,2,44896,237,263,194,55,1,1,0
ID_0121,24,38212,19,51,179,64,3,2,2
ID_0122,2,41386,478,17,294,11,2,3,2
ID_0123,27,21331,221,212,149,68,6,0,
ID_0124,23,19060,121,239,236,133,9,4,0
ID_0125,,2196,,153,208,88,7,3,2
ID_0126,1,13297,301,159,217,192,5,0,1
ID_0127,8,3787,486,,44,24,2,3,1
ID_0128,23,24816,371,94,279,,5,1,1
ID_0129,6,41695,469,190,86,159,1,2,1
ID_0130,,20702,262,178,185,130,6,,2
ID_0131,22,26242,23,221,87,48,9,0,0
ID_0132,25,3176,249,268,266,146,6,4,
ID_0133,18,,447,101,276,59,,,1
ID_0134,17,42560,,121,204,156,7,4,2
ID_0135,29,28228,,203,244,177,3,0,1
ID_0136,12,21208,351,25,184,1,6,0,1
ID_0137,6,29482,158,204,175,72,3,4,0
ID_0138,,,245,252,299,183,,2,1
ID_0139,27,36219,315,280,181,144,6,3,2
ID_0140,,34396,487,268,241,187,9,4,0
ID_0141,19,43589,176,62,142,109,2,1,2
ID_0142,28,41546,29,35,133,163,9,4,0
ID_0143,10,4696,,253,53,60,4,0,0
ID_0144,1,21058,352,97,168,16,2,3,1
ID_0145,25,21313,144,269,281,48,4,1,1
ID_0146,29,20149,402,275,297,75,2,3,1
ID_0147,13,,138,98,,187,9,3,2
ID_0148,17,,419,158,28,147,6,1,1
ID_0149,3,5956,431,289,29,177,0,4,1
ID_0150,8,11195,303,84,131,130,8,4,0
ID_0151,14,18076,255,296,238,42,,4,1
ID_0152,3,2105,198,88,213,56,4,2,1
ID_0153,16,,53,41,97,49,8,4,1
ID_0154,13,25729,95,236,98,195,9,1,1
ID_0155,20,47956,53,97,229,177,,2,0
ID_0156,24,31099,,106,284,36,4,4,1
ID_0157,17,33598,384,170,15,45,2,2,0
ID_0158,13,30961,455,163,16,169,7,1,2
ID_0159,29,13602,387,18,39,14,3,4,1
ID_0160,6,10256,399,229,232,160,9,0,1
ID_0161,17,21584,154,77,224,79,2,1,1
ID_0162,14,47980,60,253,145,138,5,3,0
ID_0163,17,35681,251,95,27,147,,3,1
ID_0164,8,26792,303,220,87,23,8,1,1
ID_0165,11,22904,417,94,233,124,5,3,2
ID_0166,20,44361,60,33,84,191,4,1,
ID_0167,28,35540,275,224,294,117,1,0,0
ID_0168,,27536,129,219,163,79,1,1,2
ID_0169,26,20164,209,225,132,93,8,4,0
ID_0170,7,13996,414,46,194,64,,4,1
ID_0171,21,3871,257,139,35,87,1,2,1
ID_0172,21,47002,79,46,19,87,2,3,2
ID_0173,17,23626,350,168,79,144,2,3,0
ID_0174,10,11521,66,287,38,125,3,1,0
ID_0175,11,44410,391,62,200,88,,3,0
ID_0176,22,2132,48,29,33,60,8,4,2
ID_0177,,34467,481,77,198,14,1,0,1
ID_0178,9,15534,298,133,20,93,3,1,
ID_0179,24,24854,452,91,81,50,8,3,1
ID_0180,5,43998,27,157,297,26,1,4,2
ID_0181,17,40065,449,186,85,,9,2,1
ID_0182,9,46607,229,129,128,60,0,3,0
ID_0183,17,8812,322,71,23,185,9,0,0
ID_0184,24,5557,253,10,106,30,7,0,0
ID_0185,21,3179,361,129,,11,8,3,2
ID_0186,19,,469,57,233,45,6,3,2
ID_0187,27,10065,313,70,207,158,7,4,2
ID_0188,7,9275,307,86,65,31,3,3,0
ID_0189,23,48857,292,91,30,159,3,2,1
ID_0190,9,36948,83,6,75,180,1,4,0
ID_0191,7,21700,119,208,107,60,7,1,0
ID_0192,13,40464,189,154,161,45,1,2,1
ID_0193,11,43351,435,297,198,84,8,4,1
ID_0194,14,28794,41,107,279,79,3,4,1
ID_0195,19,29783,243,28,190,,0,0,1
ID_0196,11,17998,291,216,117,3,3,4,0
ID_0197,13,14869,34,69,169,,2,2,2
ID_0198,14,45525,340,213,65,158,5,3,0
ID_0199,13,29152,288,255,96,111,6,2,1
ID_0200,1,21954,235,121,290,,7,1,2
ID_0201,8,32555,,120,157,181,1,4,2
ID_0202,12,17654,189,241,229,,5,4,0
ID_0203,19,46026,241,109,131,118,5,4,0
ID_0204,,36236,391,,197,126,9,4,0
ID_0205,8,,352,50,119,16,4,0,2
ID_0206,,16042,486,220,266,74,9,0,2
ID_0207,29,26966,,28,22,157,9,,2
ID_0208,21,49407,73,39,14,104,6,4,1
ID_0209,13,45314,464,28,96,149,2,,1
ID_0210,12,46095,241,32,143,116,3,3,0
ID_0211,29,15270,298,20,56,42,9,4,2
ID_0212,16,31908,222,63,199,111,8,0,0
ID_0213,1,16523,267,247,210,,3,1,2
ID_0214,13,48068,27,211,291,26,2,3,0
ID_0215,26,20991,184,275,97,36,1,1,1
ID_0216,7,11775,426,253,149,45,4,4,2
ID_0217,28,13265,238,271,90,112,3,,1
ID_0218,26,20459,235,,157,34,7,1,2
ID_0219,5,17673,93,222,,131,6,1,0
ID_0220,8,28056,300,119,264,79,5,0,2
ID_0221,25,7614,444,72,168,79,1,4,1
ID_0222,27,37020,379,,10,153,2,1,2
ID_0223,14,8415,255,107,153,120,9,4,0
ID_0224,23,24155,411,182,209,146,8,0,2
ID_0225,13,44884,119,219,122,121,8,4,1
ID_0226,15,17964,263,43,93,80,4,0,0
ID_0227,23,38726,97,263,158,172,2,0,1
ID_0228,17,38044,81,208,171,153,1,3,2
ID_0229,15,38544,390,11,,149,7,4,1
ID_0230,20,33252,39,53,274,118,5,2,2
ID_0231,18,4832,181,30,60,57,9,3,0
ID_0232,18,26275,318,165,232,62,6,0,1
ID_0233,2,15901,403,,153,155,0,2,1
ID_0234,4,39213,352,83,50,192,0,,2
ID_0235,1,35148,445,6,148,171,9,1,
ID_0236,4,43633,186,,242,99,1,3,1
ID_0237,18,23918,148,280,276,170,9,2,
ID_0238,5,47694,203,121,124,164,2,4,2
ID_0239,19,20540,195,168,224,65,0,2,2
ID_0240,15,12580,,292,12,144,4,3,0
ID_0241,28,39402,173,32,279,167,,,0
ID_0242,8,39578,170,5,70,165,0,4,2
ID_0243,20,25917,440,192,83,84,7,1,0
ID_0244,17,23318,22,60,90,188,5,2,0
ID_0245,1,,305,39,128,136,8,4,0
ID_0246,12,13251,98,116,206,188,2,3,2
ID_0247,26,46899,333,290,154,143,8,1,0
ID_0248,19,20493,51,40,,122,8,4,1
ID_0249,15,21466,412,221,117,1,0,2,1
ID_0250,,31206,219,84,95,105,,1,2
ID_0251,7,46475,238,87,145,107,5,2,0
ID_0252,,20624,359,69,293,71,7,2,1
ID_0253,29,27564,284,132,222,170,3,2,2
ID_0254,9,23412,451,26,81,125,4,1,1
ID_0255,10,,288,220,156,169,8,4,0
ID_0256,,36517,260,111,,56,5,0,2
ID_0257,19,14156,319,113,119,80,6,4,1
ID_0258,11,24064,217,185,98,194,6,1,2
ID_0259,13,26711,330,168,52,157,3,0,1
ID_0260,10,31106,149,72,195,140,3,0,1
ID_0261,14,17589,289,296,16,18,3,0,0
ID_0262,18,24736,43,184,160,6,4,3,0
ID_0263,19,21975,318,185,176,136,4,1,
ID_0264,22,37218,401,173,181,53,7,3,2
ID_0265,9,8214,27,26,61,103,8,0,2
ID_0266,25,31581,66,70,207,85,1,3,0
ID_0267,7,21195,121,25,189,81,6,3,1
ID_0268,28,45582,14,104,125,60,0,1,0
ID_0269,3,28127,419,107,230,86,0,2,1
ID_0270,20,6141,423,51,206,1,3,3,1
ID_0271,6,29884,191,43,220,177,,3,0
ID_0272,27,25885,22,,47,30,6,0,2
ID_0273,21,3708,348,94,27,32,1,0,0
ID_0274,2,19375,294,89,,79,1,0,1
ID_0275,29,16088,268,277,190,,0,4,0
ID_0276,6,45602,99,192,253,160,9,3,
ID_0277,3,46046,113,163,241,127,1,0,2
ID_0278,16,11014,388,247,297,134,6,1,1
ID_0279,8,4273,195,77,138,127,,4,0
ID_0280,,48135,259,,26,30,5,2,2
ID_0281,17,38306,264,105,92,175,9,3,0
ID_0282,9,31881,85,6,157,125,1,3,2
ID_0283,12,32486,395,248,129,46,9,1,1
ID_0284,3,13541,468,,83,180,9,2,1
ID_0285,11,9712,117,242,55,106,8,2,0
ID_0286,1,10168,165,63,220,18,,4,1
ID_0287,,4551,91,103,180,80,0,3,2
ID_0288,13,13297,86,6,257,122,8,,1
ID_0289,15,44733,494,247,250,133,1,1,2
ID_0290,,28128,479,215,231,106,3,1,2
ID_0291,5,3832,469,127,110,48,8,1,1
ID_0292,21,29483,267,,197,72,3,1,2
ID_0293,17,23063,136,86,40,49,2,0,2
ID_0294,25,23963,494,148,208,80,0,0,0
ID_0295,23,14422,400,144,271,94,6,4,0
ID_0296,24,33920,291,33,272,11,5,3,0
ID_0297,25,12156,483,,174,22,9,0,1
ID_0298,6,12108,97,251,43,53,3,4,0
ID_0299,28,32845,213,16,143,117,5,2,2
ID_0300,21,3800,25,110,,196,5,3,1
ID_0301,22,39078,160,,56,58,3,0,1
ID_0302,11,,433,78,291,163,5,2,1
ID_0303,18,3610,263,175,293,,9,,1
ID_0304,4,13067,197,73,145,57,7,0,2
ID_0305,3,,338,141,150,182,2,0,2
ID_0306,13,,41,104,188,56,3,2,0
ID_0307,23,30566,280,150,,144,9,0,1
ID_0308,9,30783,494,13,205,,0,1,0
ID_0309,21,21583,406,66,132,89,3,0,2
ID_0310,,21238,14,189,,195,9,3,1
ID_0311,26,8263,468,33,257,54,9,2,2
ID_0312,28,2914,339,,270,,8,3,0
ID_0313,12,24749,317,147,,0,7,4,2
ID_0314,2,20456,342,124,234,20,3,3,1
ID_0315,3,26582,178,174,275,20,6,1,1
ID_0316,3,1406,190,161,263,51,9,1,
ID_0317,28,14689,375,264,202,81,2,,1
ID_0318,12,33934,187,86,60,170,8,4,2
ID_0319,15,34276,152,246,207,179,,0,2
ID_0320,9,37432,371,176,275,66,3,1,2
ID_0321,23,20873,257,235,113,,1,3,2
ID_0322,8,14050,136,212,120,43,9,3,0
ID_0323,11,1680,272,79,96,159,4,3,2
ID_0324,,19908,49,274,142,9,,0,0
ID_0325,26,19504,421,,61,63,,2,2
ID_0326,27,22644,425,66,54,,5,4,0
ID_0327,25,38125,364,106,75,67,9,2,2
ID_0328,22,2363,264,214,86,27,0,,2
ID_0329,4,43291,152,259,109,180,5,4,0
ID_0330,28,36060,249,24,92,115,3,3,1
ID_0331,1,2538,237,62,6,50,2,1,1
ID_0332,24,37176,350,116,88,180,1,3,1
ID_0333,7,42520,207,200,47,3,6,,0
ID_0334,2,26675,74,96,158,78,8,4,1
ID_0335,24,19287,397,56,98,16,2,,1
ID_0336,28,1174,,297,137,107,5,4,0
ID_0337,5,27732,117,12,69,194,8,4,1
ID_0338,7,35998,35,102,294,73,1,3,
ID_0339,4,38055,454,240,261,174,6,1,1
ID_0340,5,13112,430,73,217,183,4,1,0
ID_0341,24,40874,160,49,152,,4,4,0
ID_0342,1,10689,,141,65,17,6,1,1
ID_0343,1,45814,350,238,153,128,8,1,1
ID_0344,15,20555,246,36,92,34,3,3,0
ID_0345,20,34919,246,293,282,63,8,2,1
ID_0346,19,8619,228,130,86,185,9,0,0
ID_0347,,7033,496,71,133,58,8,2,1
ID_0348,10,42328,433,34,290,0,3,1,0
ID_0349,28,5946,470,118,284,130,2,4,2
ID_0350,18,25618,160,208,274,66,1,0,2
ID_0351,28,35675,132,33,296,36,8,0,0
ID_0352,3,37258,153,135,207,28,1,,2
ID_0353,,,,189,28,88,5,0,1
ID_0354,,5173,198,257,212,160,4,4,0
ID_0355,27,,264,290,284,99,4,0,0
ID_0356,11,27400,77,66,209,188,3,2,1
ID_0357,17,5769,113,7,156,121,5,0,1
ID_0358,17,38564,345,72,30,89,4,3,0
ID_0359,6,46814,168,29,198,131,3,4,1
ID_0360,5,15211,318,183,242,13,8,0,0
ID_0361,8,24255,371,145,79,160,5,4,1
ID_0362,2,,418,235,167,149,9,3,0
ID_0363,16,20356,309,167,,175,9,0,1
ID_0364,20,21306,405,134,169,130,9,0,1
ID_0365,24,5997,99,250,190,84,2,3,2
ID_0366,12,18376,366,176,58,150,9,3,2
ID_0367,6,41880,265,68,299,195,5,3,2
ID_0368,1,39055,362,35,46,20,0,4,1
ID_0369,4,11578,229,51,289,170,4,3,
ID_0370,17,19624,18,134,142,25,9,4,
ID_0371,13,40194,21,114,191,40,5,2,2
ID_0372,18,45367,334,73,208,,7,0,1
ID_0373,5,1389,447,62,46,37,8,0,2
ID_0374,24,34767,253,110,292,87,2,1,2
ID_0375,24,46580,191,260,30,10,1,2,0
ID_0376,27,49367,293,175,60,28,3,3,0
ID_0377,3,2855,321,166,257,,7,3,2
ID_0378,11,41893,108,290,126,194,7,2,2
ID_0379,13,14794,206,75,110,192,2,3,1
ID_0380,4,,491,259,134,60,3,1,2
ID_0381,26,5986,375,59,162,146,2,4,1
ID_0382,27,33298,235,7,235,173,9,0,2
ID_0383,14,2481,342,30,95,176,1,2,0
ID_0384,22,4731,112,130,26,21,3,0,0
ID_0385,11,17835,115,,294,,,4,2
ID_0386,27,28798,374,202,,112,4,2,1
ID_0387,10,27113,377,192,53,184,2,4,1
ID_0388,19,20477,67,,133,122,1,3,1
ID_0389,18,18266,87,,77,141,8,3,2
ID_0390,6,21792,84,15,57,43,0,3,2
ID_0391,27,21452,51,150,172,143,8,4,0
ID_0392,29,44526,431,89,,96,0,4,0
ID_0393,15,42334,333,104,109,76,6,4,2
ID_0394,21,12889,190,108,154,139,5,0,0
ID_0395,10,25335,42,50,150,54,6,,1
ID_0396,5,12254,80,48,208,50,,3,1
ID_0397,26,22074,65,282,171,101,2,1,2
ID_0398,29,12442,114,185,205,166,0,4,1
ID_0399,5,47289,209,191,138,160,3,1,2
ID_0400,10,38327,110,118,215,160,,3,1
ID_0401,28,,265,259,52,28,9,4,2
ID_0402,5,8291,316,34,130,68,7,0,1
ID_0403,3,41928,83,268,243,197,2,0,1
ID_0404,23,1112,180,102,11,158,6,1,0
ID_0405,,22515,386,119,276,79,6,0,0
ID_0406,4,20581,,280,41,,8,0,0
ID_0407,18,49692,175,285,215,111,5,0,0
ID_0408,28,27500,408,279,169,45,0,3,0
ID_0409,9,,270,265,,96,7,0,0
ID_0410,17,17523,230,,196,51,0,2,2
ID_0411,29,2424,92,215,222,137,2,4,2
ID_0412,13,20552,191,219,218,73,4,0,0
ID_0413,27,11808,316,44,66,40,7,0,2
ID_0414,15,39811,19,30,165,76,8,0,0
ID_0415,20,7989,405,31,70,130,6,2,2
ID_0416,17,24620,13,194,290,186,8,0,1
ID_0417,13,40029,360,87,243,113,2,0,2
ID_0418,16,1887,411,174,24,51,4,4,2
ID_0419,22,32802,345,171,192,161,9,2,2
ID_0420,4,20488,497,192,86,176,7,,1
ID_0421,5,31013,301,173,206,155,0,0,0
ID_0422,,17402,290,,136,86,7,2,2
ID_0423,9,22205,224,,41,108,6,1,2
ID_0424,17,27049,,101,136,140,0,2,1
ID_0425,13,13253,107,20,81,68,9,2,0
ID_0426,2,,429,283,93,119,9,,2
ID_0427,13,8846,110,139,257,66,5,3,1
ID_0428,22,26027,460,30,198,,0,3,0
ID_0429,21,40200,18,16,,187,1,3,0
ID_0430,27,47220,70,76,37,70,4,2,2
ID_0431,23,47163,318,137,,151,1,1,2
ID_0432,19,4765,155,110,205,190,9,2,2
ID_0433,3,16950,436,224,32,188,0,0,2
ID_0434,10,46270,428,181,39,150,5,1,1
ID_0435,2,10741,72,286,129,29,7,3,1
ID_0436,13,23742,130,137,46,187,7,4,2
ID_0437,,25703,235,,89,145,7,1,0
ID_0438,,39709,114,273,192,95,5,3,2
ID_0439,17,38623,471,165,115,55,2,1,0
ID_0440,21,23931,269,111,275,52,0,1,0
ID_0441,14,24580,358,283,109,6,1,2,0
ID_0442,12,16166,,239,45,96,4,0,1
ID_0443,21,30240,264,22,219,196,9,4,0
ID_0444,12,26991,438,246,75,112,4,3,0
ID_0445,11,39556,443,121,60,124,9,1,1
ID_0446,7,33969,216,290,240,199,0,4,0
ID_0447,4,11561,37,286,285,179,0,1,
ID_0448,19,17901,179,148,109,131,8,0,2
ID_0449,1,41505,345,209,166,161,1,4,0
ID_0450,28,31020,85,43,195,196,6,3,0
ID_0451,24,26917,125,158,13,160,,1,0
ID_0452,29,2988,78,180,64,120,3,0,0
ID_0453,3,49209,363,,229,196,6,4,0
ID_0454,13,45505,,138,192,37,7,1,1
ID_0455,15,15256,10,50,74,121,4,1,
ID_0456,2,23192,176,54,297,25,0,3,0
ID_0457,11,29230,361,170,291,128,3,0,1
ID_0458,4,40930,227,110,173,3,9,2,1
ID_0459,19,46833,282,220,66,38,2,1,0
ID_0460,29,23625,377,150,18,,9,4,0
ID_0461,17,33088,,76,168,160,4,3,0
ID_0462,3,15114,356,277,,32,9,3,
ID_0463,28,42167,353,251,12,199,9,1,2
ID_0464,18,39401,428,190,158,19,5,,
ID_0465,8,6755,183,74,,15,1,1,1
ID_0466,22,11825,179,154,52,148,6,2,0
ID_0467,25,23693,255,250,89,172,2,1,1
ID_0468,24,,432,266,32,126,0,0,
ID_0469,26,25729,99,30,200,86,9,4,1
ID_0470,19,33182,58,144,212,81,2,1,0
ID_0471,5,29890,455,103,208,61,8,2,0
ID_0472,7,30340,303,282,108,30,9,4,1
ID_0473,21,2518,416,55,234,41,5,3,2
ID_0474,8,31949,159,155,105,11,5,1,2
ID_0475,28,23547,141,108,33,64,3,4,2
ID_0476,5,17346,442,93,131,72,7,3,1
ID_0477,17,3600,68,145,14,130,4,2,0
ID_0478,5,47005,466,217,110,114,6,0,1
ID_0479,4,30267,333,237,171,136,8,1,
ID_0480,22,37322,208,187,261,105,,0,0
ID_0481,,27990,224,255,299,178,4,2,1
ID_0482,27,17193,395,13,281,15,3,4,1
ID_0483,21,31109,,83,69,77,5,4,2
ID_0484,2,20233,481,56,275,124,1,2,1
ID_0485,11,49021,241,273,192,130,2,,0
ID_0486,22,17194,256,230,142,151,0,1,2
ID_0487,,35510,391,55,109,140,1,3,2
ID_0488,15,2306,488,190,38,129,1,0,0
ID_0489,12,4849,248,38,114,198,7,0,2
ID_0490,22,13360,424,295,37,111,7,4,1
ID_0491,,46536,376,234,235,126,1,4,1
ID_0492,22,,177,135,270,20,5,1,2
ID_0493,11,46800,57,124,186,146,4,2,0
ID_0494,7,37963,60,251,69,88,2,0,1
ID_0495,28,19689,308,196,5,46,4,1,0
ID_0496,5,30084,107,214,137,149,4,4,1
ID_0497,17,41387,448,107,84,160,4,4,1
ID_0498,24,10280,225,137,275,159,2,0,2
ID_0499,20,3642,,143,245,191,2,4,2
ID_0500,9,43137,,125,32,,3,4,0
ID_0501,14,15296,483,98,227,166,6,3,2
ID_0502,26,16438,89,133,27,127,1,2,1
ID_0503,12,49442,194,95,113,,9,4,
ID_0504,6,38525,376,96,111,41,3,3,0
ID_0505,17,3994,470,67,149,8,,1,0
ID_0506,19,48994,408,33,143,24,0,4,1
ID_0507,19,35039,36,214,288,1,9,1,2
ID_0508,26,2813,461,,103,18,7,4,2
ID_0509,16,28491,,,127,19,0,0,0
ID_0510,12,19845,457,297,291,69,7,3,0
ID_0511,12,42243,487,177,,16,6,3,1
ID_0512,20,38164,423,212,14,,8,0,1
ID_0513,6,43051,429,28,12,88,7,,0
ID_0514,23,,204,103,209,195,4,3,1
ID_0515,26,18200,223,143,201,93,7,,0
ID_0516,4,1082,378,178,202,83,9,3,0
ID_0517,6,2920,351,33,34,130,2,2,
ID_0518,11,41585,123,147,24,86,9,1,0
ID_0519,1,12683,251,46,52,50,6,1,1
ID_0520,24,12336,,,134,81,3,0,2
ID_0521,23,16596,314,196,297,153,,4,2
ID_0522,,3093,85,164,136,183,8,0,1
ID_0523,27,13905,320,68,58,,6,4,1
ID_0524,11,25351,478,247,285,7,3,0,1
ID_0525,25,31981,321,262,269,164,5,4,0
ID_0526,19,9367,205,156,219,120,9,3,2
ID_0527,18,6285,360,219,294,154,,1,0
ID_0528,17,44664,53,170,47,172,9,4,
ID_0529,19,38705,424,35,78,3,8,3,0
ID_0530,21,17753,195,236,282,85,3,2,0
ID_0531,14,19485,,286,246,127,9,0,2
ID_0532,27,13977,255,33,134,109,2,2,2
ID_0533,18,20874,446,199,198,,7,3,0
ID_0534,28,8674,93,260,36,36,0,,1
ID_0535,19,30038,216,285,110,70,8,2,2
ID_0536,15,30315,160,298,208,32,0,3,
ID_0537,15,4676,165,91,5,,1,1,1
ID_0538,4,3426,25,153,249,,7,4,1
ID_0539,7,25473,174,253,76,124,8,0,0
ID_0540,13,3962,414,287,19,11,6,4,2
ID_0541,3,30943,472,202,57,10,2,,1
ID_0542,16,1859,154,48,12,87,6,4,2
ID_0543,9,45816,46,32,50,71,,2,2
ID_0544,8,5138,342,21,118,31,1,1,1
ID_0545,,36192,412,131,151,56,2,2,0
ID_0546,13,26640,423,172,170,165,9,1,1
ID_0547,17,11409,54,248,143,,9,3,1
ID_0548,17,5017,411,80,121,85,4,0,2
ID_0549,17,11451,215,235,280,18,9,0,0
ID_0550,1,29327,71,208,281,115,3,,2
ID_0551,8,11278,429,252,182,183,1,4,
ID_0552,19,,365,218,158,13,3,3,0
ID_0553,6,,477,219,205,32,7,3,0
ID_0554,3,2134,317,,119,9,4,1,
ID_0555,27,31131,28,73,163,79,4,3,0
ID_0556,5,,374,89,46,191,9,0,0
ID_0557,13,39462,309,271,251,63,2,2,1
ID_0558,15,23520,16,73,72,189,7,1,1
ID_0559,14,22869,258,103,200,67,5,1,1
ID_0560,29,37932,437,220,94,91,1,4,2
ID_0561,23,,126,,115,124,1,2,0
ID_0562,16,22281,77,98,149,170,,1,0
ID_0563,18,48399,43,178,279,79,6,,1
ID_0564,22,11442,203,169,183,58,9,1,0
ID_0565,29,9252,334,119,245,179,8,1,2
ID_0566,22,28586,64,224,157,96,5,1,0
ID_0567,11,18568,275,35,108,18,4,4,0
ID_0568,3,21810,489,15,79,148,0,1,2
ID_0569,22,2551,51,134,132,21,5,1,1
ID_0570,10,13625,306,109,203,8,,4,1
ID_0571,10,,470,31,158,8,2,2,0
ID_0572,21,27249,240,231,60,26,2,0,2
ID_0573,16,2361,462,6,282,16,2,4,1
ID_0574,12,27149,387,105,23,171,2,4,1
ID_0575,2,5370,403,25,163,44,6,1,1
ID_0576,9,6283,19,62,30,7,9,1,0
ID_0577,24,8610,367,184,173,145,1,0,2
ID_0578,3,44326,484,24,27,124,9,1,0
ID_0579,24,15924,453,259,,122,9,3,1
ID_0580,25,48607,137,42,17,32,1,1,2
ID_0581,15,45717,188,152,221,0,2,1,0
ID_0582,3,11626,414,29,198,5,9,3,1
ID_0583,19,35761,,125,,40,6,0,1
ID_0584,18,1869,202,,77,182,2,,0
ID_0585,8,32552,101,173,160,4,,4,1
ID_0586,26,2014,378,229,81,186,8,3,1
ID_0587,17,11103,240,5,173,79,9,2,2
ID_0588,8,17986,87,265,291,17,3,4,1
ID_0589,7,45781,94,,89,176,6,1,0
ID_0590,7,31471,39,52,186,81,8,4,2
ID_0591,3,34458,222,,116,64,7,0,0
ID_0592,1,26069,58,98,234,82,7,0,1
ID_0593,4,17873,274,265,100,181,8,3,2
ID_0594,25,24248,154,282,172,188,,4,2
ID_0595,5,24624,78,209,160,135,4,1,2
ID_0596,1,44516,67,189,,130,2,0,2
ID_0597,15,30061,194,179,197,24,4,1,0
ID_0598,5,25170,71,73,136,68,,2,1
ID_0599,13,9024,488,108,142,182,4,0,1
ID_0600,8,17678,317,250,274,167,3,3,2
ID_0601,8,39256,454,165,42,81,7,2,
ID_0602,5,21411,305,204,49,177,6,4,0
ID_0603,28,44803,175,220,167,116,5,1,1
ID_0604,9,20296,180,216,257,94,4,0,0
ID_0605,1,27293,72,20,173,32,4,2,0
ID_0606,4,28172,156,209,289,110,9,2,1
ID_0607,3,22128,493,43,278,145,1,0,
ID_0608,,19257,315,,24,124,3,4,0
ID_0609,8,13855,170,260,243,184,7,4,0
ID_0610,23,20642,150,258,274,15,7,3,0
ID_0611,9,36585,343,220,35,79,0,4,2
ID_0612,2,21025,106,176,108,37,1,,1
ID_0613,14,5458,455,141,174,168,4,2,2
ID_0614,14,6307,230,182,190,134,8,0,0
ID_0615,4,42701,,81,132,77,9,4,1
ID_0616,6,,442,192,214,180,6,3,0
ID_0617,11,44427,301,19,285,62,,2,1
ID_0618,3,29273,387,296,257,111,4,4,2
ID_0619,,39506,117,218,23,88,0,1,1
ID_0620,3,6668,275,,204,159,5,2,0
ID_0621,14,26934,104,173,224,37,7,4,1
ID_0622,28,48195,271,284,140,149,6,2,
ID_0623,13,8697,,150,227,143,1,0,2
ID_0624,13,25417,394,267,7,51,4,0,0
ID_0625,2,17446,80,8,240,28,3,0,1
ID_0626,13,,451,94,232,143,,1,2
ID_0627,29,11751,228,64,146,75,9,0,1
ID_0628,19,47218,30,20,13,144,0,1,0
ID_0629,27,8352,101,231,194,63,5,0,1
ID_0630,6,14516,136,,169,90,2,2,1
ID_0631,16,24299,89,155,143,88,8,4,1
ID_0632,,32957,321,249,280,12,4,4,1
ID_0633,,29927,247,274,295,71,5,0,0
ID_0634,17,42094,480,,57,183,8,4,2
ID_0635,23,37412,381,293,179,4,8,0,2
ID_0636,2,30493,413,157,114,11,7,,1
ID_0637,10,27711,495,281,207,168,8,3,0
ID_0638,28,9003,191,283,140,2,3,3,0
ID_0639,16,32707,34,61,8,32,5,3,0
ID_0640,6,4278,165,190,159,120,4,1,0
ID_0641,28,8296,14,97,176,49,4,3,0
ID_0642,2,26398,129,280,51,183,3,0,0
ID_0643,2,36842,286,162,98,136,1,2,1
ID_0644,26,14261,27,279,,177,5,3,2
ID_0645,13,12173,440,185,244,28,8,3,2
ID_0646,24,31449,207,81,217,38,0,2,1
ID_0647,15,42080,66,155,,90,6,0,2
ID_0648,28,2637,102,242,209,99,5,1,0
ID_0649,2,32781,28,293,77,172,2,3,0
ID_0650,,14652,393,235,8,16,0,2,2
ID_0651,3,6103,362,22,80,55,3,0,0
ID_0652,8,26500,202,77,81,45,8,4,0
ID_0653,23,35800,246,193,260,66,1,1,2
ID_0654,14,36529,396,21,106,196,2,2,1
ID_0655,24,48963,435,23,110,141,1,2,2
ID_0656,23,19452,286,223,43,66,1,2,2
ID_0657,27,32174,236,124,279,22,9,3,2
ID_0658,22,36436,242,105,92,93,7,4,2
ID_0659,29,,49,38,215,188,2,1,1
ID_0660,7,16954,332,88,81,150,6,0,1
ID_0661,21,18186,162,200,81,154,7,0,0
ID_0662,7,13356,136,206,32,53,2,4,0
ID_0663,1,33963,246,15,249,137,1,2,2
ID_0664,,3187,495,222,70,76,7,2,0
ID_0665,9,12707,64,257,270,15,2,2,1
ID_0666,21,36098,477,226,209,40,6,2,0
ID_0667,13,27935,,84,62,97,0,2,0
ID_0668,21,22225,,11,205,182,5,4,0
ID_0669,19,4606,118,276,229,127,8,3,2
ID_0670,21,33828,363,231,146,60,2,1,0
ID_0671,19,27489,478,20,88,85,6,2,1
ID_0672,25,15387,193,16,147,117,5,3,
ID_0673,25,4927,448,295,37,99,7,0,1
ID_0674,22,7296,,245,156,48,2,4,1
ID_0675,17,31444,480,25,162,179,2,3,0
ID_0676,23,47390,207,182,145,1,3,2,2
ID_0677,23,47893,380,232,255,119,2,2,1
ID_0678,,3591,382,277,116,177,8,2,
ID_0679,10,45895,470,292,148,122,3,3,2
ID_0680,4,49516,96,138,213,85,5,2,2
ID_0681,8,27147,210,287,228,170,7,3,1
ID_0682,22,39889,346,157,47,76,7,2,1
ID_0683,20,2200,331,70,268,135,4,0,2
ID_0684,20,16721,,141,248,58,4,0,1
ID_0685,18,20238,220,96,7,192,5,1,1
ID_0686,14,12087,400,263,129,11,9,2,
ID_0687,18,31816,127,107,272,3,6,2,2
ID_0688,28,24408,200,59,88,116,9,3,0
ID_0689,14,40740,51,261,20,94,6,3,0
ID_0690,20,1136,51,105,63,124,3,2,2
ID_0691,21,18413,324,202,181,40,5,1,0
ID_0692,,49114,285,230,67,122,6,2,1
ID_0693,,19978,338,241,53,6,4,3,0
ID_0694,22,1661,26,30,250,68,4,2,2
ID_0695,4,36240,292,125,,68,1,3,1
ID_0696,13,28253,440,186,290,80,6,2,1
ID_0697,27,27884,267,203,19,29,5,4,1
ID_0698,23,33854,72,259,259,72,0,3,1
ID_0699,8,11704,71,126,96,5,3,1,0
ID_0700,18,39987,,35,283,88,,4,0
ID_0701,12,25527,28,289,210,146,2,2,1
ID_0702,23,17322,26,110,98,65,6,3,2
ID_0703,14,48517,334,228,229,9,9,4,1
ID_0704,2,7968,432,277,203,143,3,,0
ID_0705,18,28518,475,236,275,36,7,3,1
ID_0706,24,47364,382,260,238,76,8,4,
ID_0707,2,28886,255,28,50,76,2,4,
ID_0708,11,2700,260,113,68,31,4,4,2
ID_0709,9,29246,464,,,46,3,0,1
ID_0710,12,36468,90,29,253,109,9,2,2
ID_0711,,24199,48,191,250,199,5,,2
ID_0712,15,45589,45,,,170,9,3,1
ID_0713,25,33115,433,120,161,119,3,3,2
ID_0714,17,6520,438,41,227,163,7,4,2
ID_0715,26,45278,397,286,194,153,2,2,0
ID_0716,29,37455,495,141,56,9,4,1,0
ID_0717,26,21929,418,231,92,158,0,3,2
ID_0718,18,,206,186,70,96,5,2,1
ID_0719,22,15955,167,90,154,156,4,2,2
ID_0720,6,45049,213,57,24,4,7,0,1
ID_0721,17,14917,205,239,37,,,3,0
ID_0722,23,5757,225,,285,0,7,4,1
ID_0723,24,,294,291,50,130,7,2,2
ID_0724,18,42680,466,104,77,66,2,2,2
ID_0725,8,5733,205,91,137,198,3,,2
ID_0726,9,31954,316,19,59,162,3,0,2
ID_0727,6,32135,161,105,65,,4,2,2
ID_0728,5,8081,23,,12,,8,2,1
ID_0729,12,42458,334,33,276,92,8,4,2
ID_0730,25,24501,155,118,250,29,9,4,0
ID_0731,29,22113,435,111,180,102,0,1,2
ID_0732,28,35441,66,,120,81,7,1,1
ID_0733,11,48086,220,88,275,74,0,1,2
ID_0734,25,25690,277,275,197,170,1,4,2
ID_0735,1,44939,219,248,154,,6,4,1
ID_0736,11,30345,26,218,135,39,7,,2
ID_0737,19,47313,295,170,106,192,0,3,1
ID_0738,9,45571,353,283,274,156,2,3,2
ID_0739,27,27829,212,63,296,73,6,0,0
ID_0740,2,36062,108,94,214,120,8,3,2
ID_0741,12,4630,288,198,71,146,7,4,1
ID_0742,4,48861,218,127,14,2,7,3,0
ID_0743,4,32870,138,140,53,35,8,4,1
ID_0744,18,48221,344,143,115,42,9,0,2
ID_0745,15,45942,,233,223,142,2,1,0
ID_0746,19,4453,261,278,61,168,7,0,1
ID_0747,13,38275,274,54,287,114,0,3,0
ID_0748,19,44370,280,122,117,108,7,4,0
ID_0749,17,39396,421,206,137,89,6,3,1
ID_0750,6,9328,417,195,75,163,7,3,0
ID_0751,16,16534,197,185,87,83,0,1,1
ID_0752,24,20744,428,82,61,,5,3,0
ID_0753,,20389,223,79,275,160,6,,0
ID_0754,19,37320,292,299,115,4,4,4,0
ID_0755,5,36010,220,285,80,77,4,4,
ID_0756,17,,374,25,162,90,6,1,2
ID_0757,26,38865,85,175,24,86,2,0,1
ID_0758,23,9640,157,19,135,13,5,4,0
ID_0759,26,35716,330,215,126,103,6,0,1
ID_0760,29,26521,222,52,45,195,0,4,2
ID_0761,1,31049,442,90,171,82,1,4,2
ID_0762,28,6618,118,153,134,174,3,2,2
ID_0763,27,38004,138,192,27,53,7,3,2
ID_0764,25,2920,19,155,283,131,9,3,1
ID_0765,24,44937,56,145,255,94,5,0,0
ID_0766,23,5188,388,73,13,8,0,3,1
ID_0767,10,13207,324,264,17,52,9,,0
ID_0768,15,1238,105,13,56,76,4,4,2
ID_0769,23,33972,455,125,213,59,6,2,0
ID_0770,21,11799,112,105,42,45,5,2,2
ID_0771,21,6552,389,153,104,53,8,4,1
ID_0772,11,29916,351,150,197,73,7,1,0
ID_0773,13,5927,155,247,195,111,,1,1
ID_0774,5,28964,377,245,55,94,4,,2
ID_0775,,12164,439,47,145,164,6,0,1
ID_0776,24,38158,425,99,172,22,7,2,2
ID_0777,12,20071,36,230,113,26,,3,2
ID_0778,11,49409,229,10,211,69,8,4,2
ID_0779,17,7160,,218,114,193,9,2,1
ID_0780,4,16810,176,210,200,108,3,0,1
ID_0781,15,,442,71,156,188,3,0,0
ID_0782,25,31009,486,104,247,76,7,1,0
ID_0783,9,34584,91,16,132,178,0,,1
ID_0784,21,47182,437,241,109,49,7,4,1
ID_0785,20,26396,81,262,14,123,4,2,1
ID_0786,19,1192,319,139,152,18,0,0,1
ID_0787,19,37413,488,226,,0,3,2,
ID_0788,12,13816,263,,194,39,1,4,2
ID_0789,5,40082,171,146,98,159,3,2,2
ID_0790,10,33130,336,162,233,21,7,3,1
ID_0791,17,41142,429,266,67,111,4,1,2
ID_0792,5,37468,411,287,29,193,0,,2
ID_0793,22,31698,47,233,272,39,6,1,0
ID_0794,16,11655,452,284,285,37,0,4,0
ID_0795,7,48897,,294,15,47,8,1,2
ID_0796,28,31075,210,172,205,182,2,2,
ID_0797,,10359,209,51,,74,2,2,2
ID_0798,3,37661,264,207,194,182,5,0,1
ID_0799,15,40579,,218,93,178,9,2,0
ID_0800,16,43056,44,250,,106,5,1,0
ID_0801,18,34272,91,28,181,187,5,0,0
ID_0802,14,43581,398,278,,7,0,2,2
ID_0803,3,15671,407,48,261,85,4,2,1
ID_0804,12,28048,229,,213,67,5,4,0
ID_0805,9,11738,167,,285,74,7,0,0
ID_0806,28,26963,13,166,109,199,0,4,1
ID_0807,7,44954,176,238,151,136,4,4,2
ID_0808,9,7773,477,167,283,89,2,4,2
ID_0809,13,,457,120,,129,,3,0
ID_0810,18,30894,418,97,122,79,7,4,0
ID_0811,5,1717,421,46,98,94,6,1,1
ID_0812,13,12676,213,288,148,69,9,2,0
ID_0813,4,5434,203,214,293,89,6,3,1
ID_0814,2,38825,244,210,18,58,4,4,0
ID_0815,16,30100,215,224,,146,8,2,0
ID_0816,9,5994,159,284,190,27,4,0,0
ID_0817,9,5234,168,140,211,,1,0,2
ID_0818,6,4764,288,110,176,13,2,2,1
ID_0819,11,44949,313,122,274,23,3,1,1
ID_0820,22,38405,,241,225,111,4,2,2
ID_0821,24,35872,390,104,156,,2,2,2
ID_0822,22,,,265,115,55,6,3,2
ID_0823,1,24185,320,290,187,119,4,0,1
ID_0824,4,44442,77,107,76,178,4,0,0
ID_0825,13,42153,,67,287,31,5,4,2
ID_0826,23,12999,97,179,78,177,6,,2
ID_0827,,37487,226,,219,168,,2,2
ID_0828,13,3581,,297,27,193,9,1,0
ID_0829,,3763,144,230,72,24,7,0,0
ID_0830,9,28374,194,11,97,115,8,1,2
ID_0831,24,39759,360,131,67,188,3,3,0
ID_0832,,11531,149,96,228,65,4,,2
ID_0833,7,26307,115,194,229,41,4,1,0
ID_0834,4,31835,142,57,107,192,7,0,1
ID_0835,18,12064,,246,219,163,8,3,1
ID_0836,3,12312,,136,196,75,6,2,0
ID_0837,28,38548,307,116,164,136,4,3,1
ID_0838,6,37945,367,11,211,163,2,1,1
ID_0839,12,48937,389,234,273,37,0,0,1
ID_0840,12,7476,405,160,198,160,8,,2
ID_0841,21,25565,368,201,,169,4,2,0
ID_0842,28,3382,155,,241,60,8,2,0
ID_0843,8,23463,459,254,92,173,9,0,0
ID_0844,22,46276,83,87,15,88,3,4,1
ID_0845,22,34402,472,244,,188,4,3,2
ID_0846,1,27345,487,267,218,,3,3,0
ID_0847,4,45764,117,193,19,69,1,2,1
ID_0848,21,,131,294,270,81,0,1,2
ID_0849,28,15162,26,62,77,115,7,1,
ID_0850,11,,205,13,56,79,3,4,0
ID_0851,3,,336,119,132,14,4,1,0
ID_0852,13,23335,327,214,32,175,5,3,1
ID_0853,25,46095,306,45,69,199,7,1,0
ID_0854,17,15394,488,177,21,12,7,4,1
ID_0855,22,28197,,238,142,118,6,3,2
ID_0856,22,23010,,285,233,42,3,1,2
ID_0857,10,25123,128,82,258,187,5,3,2
ID_0858,21,23387,171,112,214,56,3,2,2
ID_0859,,3890,207,285,298,198,6,2,0
ID_0860,,28769,495,,235,16,0,2,0
ID_0861,21,44626,,123,245,,4,1,1
ID_0862,10,9026,323,31,74,31,9,4,1
ID_0863,14,4306,188,108,108,,9,3,
ID_0864,,34665,391,78,208,,3,0,1
ID_0865,5,10277,427,195,57,184,6,2,1
ID_0866,6,43239,53,151,58,12,8,2,2
ID_0867,24,48664,280,259,280,46,4,0,
ID_0868,2,49008,87,288,35,,3,0,2
ID_0869,22,15683,335,217,139,61,8,1,1
ID_0870,17,1670,187,127,62,181,,3,2
ID_0871,4,24675,366,210,109,28,8,2,2
ID_0872,14,18889,425,244,270,21,7,4,2
ID_0873,10,45535,460,290,14,64,3,1,2
ID_0874,3,14006,12,26,,,6,1,0
ID_0875,25,49536,223,263,299,47,4,4,
ID_0876,3,,351,109,160,4,9,4,1
ID_0877,15,22639,83,262,162,162,,4,0
ID_0878,6,17633,60,208,41,100,4,0,2
ID_0879,17,35660,76,266,123,70,4,2,2
ID_0880,12,4439,341,111,71,173,8,0,2
ID_0881,22,33172,102,255,246,162,8,2,1
ID_0882,20,,185,225,217,172,5,0,1
ID_0883,24,,154,226,105,140,3,3,1
ID_0884,29,12763,16,262,60,137,1,2,1
ID_0885,11,21176,278,205,243,65,2,1,1
ID_0886,25,45386,385,262,235,197,1,2,
ID_0887,4,25255,331,229,96,71,4,2,1
ID_0888,26,42003,13,206,283,24,5,2,2
ID_0889,28,20996,147,230,113,171,4,3,1
ID_0890,26,36386,240,240,172,59,,,0
ID_0891,6,22062,97,187,222,174,4,,2
ID_0892,1,36931,26,204,,39,8,0,0
ID_0893,20,36710,61,250,165,6,3,0,2
ID_0894,23,35693,143,115,20,173,9,4,1
ID_0895,28,36740,220,10,282,150,1,3,0
ID_0896,16,12705,334,240,61,45,2,4,2
ID_0897,15,44408,489,131,66,85,2,3,1
ID_0898,17,29047,467,108,246,140,8,0,2
ID_0899,8,11966,402,241,94,20,,0,0
ID_0900,28,18374,228,159,76,0,0,3,0
ID_0901,26,12138,214,261,34,122,0,0,0
ID_0902,12,16935,220,239,292,146,6,0,0
ID_0903,27,46913,286,,,124,6,1,1
ID_0904,22,1489,33,44,238,187,1,4,2
ID_0905,21,45516,495,292,239,32,8,4,1
ID_0906,10,23260,,201,269,3,8,4,0
ID_0907,27,27069,161,277,291,2,4,2,2
ID_0908,15,20275,452,268,273,90,2,1,0
ID_0909,9,37284,492,61,190,51,2,4,1
ID_0910,2,40178,268,102,135,27,2,,1
ID_0911,5,33821,333,141,295,69,5,1,1
ID_0912,6,17999,366,91,281,197,3,0,2
ID_0913,7,39712,177,246,,182,7,4,2
ID_0914,21,41172,185,203,294,56,4,0,0
ID_0915,25,34722,319,88,167,107,0,4,2
ID_0916,1,11625,300,246,275,143,8,3,2
ID_0917,23,2629,488,285,100,23,0,2,1
ID_0918,26,11973,65,256,266,196,5,4,0
ID_0919,7,7859,117,194,292,168,0,3,1
ID_0920,20,42609,482,156,87,76,2,1,0
ID_0921,25,44307,305,282,229,174,9,3,0
ID_0922,12,46450,,143,227,75,4,1,2
ID_0923,16,37046,333,180,122,68,9,4,1
ID_0924,16,22839,311,12,196,100,6,1,
ID_0925,11,28216,343,299,83,158,9,3,2
ID_0926,,19945,150,239,82,91,7,2,2
ID_0927,4,7539,164,167,151,91,8,0,0
ID_0928,13,34625,271,53,111,29,5,0,1
ID_0929,7,5886,282,42,275,17,8,2,1
ID_0930,4,46713,429,140,248,,,0,
ID_0931,15,,241,223,77,154,8,4,0
ID_0932,19,32455,250,38,30,98,9,4,1
ID_0933,9,47448,364,83,214,153,3,3,1
ID_0934,11,17767,346,240,96,120,8,3,2
ID_0935,8,48165,498,277,,114,,1,0
ID_0936,1,29453,267,165,77,59,4,3,2
ID_0937,23,11744,258,179,127,145,4,4,1
ID_0938,25,38102,86,225,188,55,0,3,0
ID_0939,24,13226,189,13,191,,1,0,2
ID_0940,8,28869,75,293,202,100,,1,1
ID_0941,13,23588,317,117,82,58,2,1,2
ID_0942,22,14440,,209,190,123,7,4,2
ID_0943,27,32709,180,190,257,129,5,3,2
ID_0944,4,48788,483,201,17,96,9,0,0
ID_0945,8,23495,31,270,80,166,4,3,1
ID_0946,3,38019,376,266,55,188,0,2,1
ID_0947,29,,116,252,279,106,8,3,1
ID_0948,9,49908,448,119,153,190,2,4,1
ID_0949,29,1922,332,125,223,17,2,3,0
ID_0950,2,28526,236,145,126,144,1,1,2
ID_0951,2,8957,,69,215,166,3,0,1
ID_0952,28,49564,451,280,284,70,1,4,0
ID_0953,13,34998,405,243,30,105,8,2,2
ID_0954,15,44395,225,14,177,53,9,0,0
ID_0955,28,25031,78,237,160,93,6,0,0
ID_0956,23,11006,93,199,242,75,7,1,1
ID_0957,12,38701,112,16,86,,2,1,1
ID_0958,26,48063,48,181,277,10,5,1,2
ID_0959,4,26939,22,181,72,60,9,4,2
ID_0960,26,21324,306,221,48,43,5,3,1
ID_0961,8,23867,322,15,65,120,0,0,0
ID_0962,9,1203,190,122,127,,,3,1
ID_0963,23,17544,277,168,200,24,,3,2
ID_0964,5,16899,,43,115,175,2,1,0
ID_0965,24,30063,129,57,262,159,2,3,0
ID_0966,20,26344,467,222,93,83,9,0,0
ID_0967,18,4748,362,210,202,113,9,0,1
ID_0968,11,40486,66,60,286,131,7,2,1
ID_0969,15,2093,49,122,204,165,4,4,2
ID_0970,28,16228,,257,103,190,3,3,0
ID_0971,22,21884,345,290,31,174,8,4,0
ID_0972,9,26183,137,272,93,0,8,4,1
ID_0973,17,17034,182,295,150,130,0,4,2
ID_0974,27,6710,44,184,186,85,1,4,2
ID_0975,26,43500,268,239,,61,7,0,0
ID_0976,12,20259,385,200,193,,4,,1
ID_0977,7,36959,14,84,244,144,6,2,0
ID_0978,10,34457,227,139,200,125,0,4,1
ID_0979,25,21143,20,26,169,104,9,2,2
ID_0980,26,3103,391,229,275,61,4,0,0
ID_0981,25,1365,336,62,12,34,2,0,0
ID_0982,10,47778,126,97,42,12,9,1,0
ID_0983,27,45535,193,196,118,162,1,4,
ID_0984,13,17103,403,107,60,42,1,1,0
ID_0985,19,33510,371,11,142,129,8,2,2
ID_0986,11,25476,125,132,106,,3,3,1
ID_0987,13,13742,171,59,181,110,3,1,2
ID_0988,21,13391,76,235,173,127,6,0,1
ID_0989,8,37940,209,66,290,50,9,4,2
ID_0990,8,29901,40,244,265,181,9,2,2
ID_0991,4,33001,84,94,227,143,1,0,0
ID_0992,15,16623,246,236,203,145,2,,2
ID_0993,28,3378,336,237,215,134,2,4,0
ID_0994,11,22372,75,296,291,44,5,3,1
ID_0995,11,45799,79,156,184,163,2,,1
ID_0996,1,39437,306,149,254,168,4,4,0
ID_0997,17,36503,456,134,,41,3,4,1
ID_0998,15,31746,425,145,27,134,2,3,2
ID_0999,20,28923,29,97,52,14,7,2,
ID_1000,6,10867,450,118,113,59,9,4,0
